path	rows	bytes_raw	bytes_stored	sha256_raw
br4b.log		2272	321	2a8a967d46587a6f2aed1d117f011ed2bf126974eb993ca99991819f30f28bde
br_iter.log		20558	3697	a66cba8e39865cfcc257d221f463222ae153f33fb030f5d9e0f71ee34cd2c2fa
br_iter0.log		0	33	e3b0c44298fc1c149afbf4c8996fb92427ae41e4649b934ca495991b7852b855
branch4b.log		1403	343	3017038eab608168deca23fa42f2b54248f0d626de9e5716914eb857fa9c54ad
tk20.log		4328	1704	0d48d3e334d4d3adbec82c80e05e9964ad863dc2b949a0d994f3a019ce550caa
tk20_gsm8k.log		688	446	f48c9793e5c8e5189121d64b81c92bd1d4b7ecd0f69fbddc3f3ec1e6abd61ab9
branch/alpaca.tb.jsonl	32	35001	8549	6d54ad16c31afdb650fff67a2c16bdeebaa842a0b299fdc229c296b79dab799b
branch/arena8k.tb.jsonl	32	34469	6982	69ed59f81cc04ea5e475a387f2d3ae97e1097f7e859b072bc76833d62cebe7a9
branch/gsm8k.tb.jsonl	32	34112	6930	52e74d1aec92cc60b694de618aab1624617eb844362a559fa2cd183846492549
branch/mbpp.tb.jsonl	32	33787	7180	fb978bcc791adfeacddf25efadc0f26ddf8d80e4f8ad4a219d13558adc948873
branch/run.sh		1530	1530	27a0937fd2e79ac73bc2758a27268f44180b13c9fede381be9a8102cf2f35c90
t1/alpaca.t01.jsonl	96	150099	37547	c3824797ad47e327ccaaf583dfc66e32416f496b1580caba9a912301cc534f6e
t1/alpaca.t01.m256.jsonl	96	148345	36093	6ae77d118167d394fc55cddff1cf4aa5ef9cd10ac94c1df28ca3019fc88a0680
t1/arena8k.t01.jsonl	96	145851	31369	0283b53e33bd2a17ba5c460b5865a0e0de6e266669e76b2f7b9fc20c2445974b
t1/arena8k.t01.m256.jsonl	96	143225	29145	7e348a13e6bdcd4d233efb7f7e4dc4baabbd26ebfffd1a24858579cb75a31263
t1/gsm8k.t01.jsonl	96	131628	27986	4c1f63bf2698006f5e4ffc1725dbec5b8541192597b7d8ee1982274b70e751c0
t1/gsm8k.t01.m256.jsonl	96	141998	29885	783be089e1d9539af6442f5aa530d1668cf84697ada41060eabb2d0dbcbc9945
t1/mbpp.t01.jsonl	96	144519	32140	1a5da04cfe4c343f516a6579fa4ac4b6901392bf123fa87d3361f9a07fd72921
t1/mbpp.t01.m256.jsonl	96	141609	29909	3427a813019c2f710adb17882eecbb8cc7c1ae701256b30c6f348c09631c7c44
t1/pilot.log		525	408	0eedd976e0c643c03d6a19232e53f6369b2d8239a741e10a8602cef8006b2ccd
t1/pilot.sh		893	893	f286af9a8dc323631a9e569b8974d05e98ee17070bef00774f9ab07b962c4fdb
t1/rerun_1024.log		2150	675	a778bf9f003fb6bda918681e8182eda7a4cf069878aa8d0e28a8242189950c0c
t1/rerun_1024.sh		1086	1086	5be8498cd0997f4fe7de60df6ae8affe53834feb62f263c453f72977df3ccd2d
t1/run.log		3163	834	e79095b2ee675c58342c3a2e91b88e29ba7388c234ddc2c04d268606960cd689
t1/run_m256.log		2865	733	956039eb2b890a81634642496c989eda2ca78ec20e8e72d274f164a48fa51da2
t1/run_t1.sh		1184	1184	1021650b693fd196d1f9a6ee891e2a1c23bc1e0456e2863d54deb7147d2752e2
t1/run_t1_m256.sh		1278	1278	dc6ccc808279fd8911efc8ecabf27df138185eaad30470a59a9e8432a035739e
tk/RESULT.md		5812	5812	e61ff3e46d4282beefc489765b2f409a17fb1bdff121afaca73cd934094199d1
tk/alpaca.t0.jsonl	96	75584	16207	72e2df106b5355b97f29bed855b65c263f98b3d1b0298214836567f80d865adb
tk/arena8k.t0.jsonl	96	75278	13827	de51f417e920451d3f6c21230a78b9292707b077f6c928788ea463180cf98d34
tk/gsm8k.t0.jsonl	96	73591	13460	1c1aaafe7b4d954c3cbce1227697a75db129ea00877202eabc0c4a0819f4e82c
tk/gsm8k.t0.jsonl.CORRUPT-two-writers		73591	13696	f8577d48b3dbb657e6c5a6a3d49ba37bffed1af01252e9cd34356748b67cc411
tk/mbpp.t0.jsonl	96	73515	13757	713e47d51aa7ee56052aef21c39ee5d8ae48df94a6c3a9692da04197f9168ff9
tk/rerun_gsm8k.log		286	253	1e401f02dc7ea3d3d50260d436b7c998d0869cabf9a2fae928e20fc0c1cbbb23
tk/rerun_gsm8k.sh		1073	1073	1661c9cbd6d0e6c331dcc2c6c820e55b0513d86bd1f8d1f3158c4a77a4ea1bfd
tk/run_t0.sh		789	789	57d782e4d360d2e65f775682e24458fd7a7e2d8c6efd2fdfe917fe19028af2f2
rm_m512/alpaca.rm.jsonl	224	613137	167717	26e35b198a121f8588b2790359305d54bea61348e83eac2c082b454a5f1368a4
rm_m512/arena8k.rm.jsonl	148	411999	115968	de4c1500ee7d473a3f914131f463a91bf0b22f6c76fc53f1f497896029b7317a
rm_m512/gsm8k.rm.jsonl	160	435272	113855	eea6bdbd6535de719a7a4af89a1ab3822d41cd32ce7eb41b1a05b0696fec96c6
rm_m512/mbpp.rm.jsonl	166	448617	115732	a2746b14757d383039fbf0cc6b82c0e5a79344ba30750fcd3094117540761b4b
rm_m512/run.log		2860	711	4639ca9e0c6f503f5a137ae7c1d9831abba13ccc40dbf7f2405162f7265b50c0
rm_m512/run.sh		980	980	b02ed1cfecf4faa133261e97a97b4487ab8ed9a4159efe74b02d570b81a8c79f
srv/RESULT.md		5939	5939	4fa6fd54684bfb9704d7de4ed140a831444691d3f48965c0ec819b05ea375c0c
srv/alpaca.srv0.jsonl	96	433522	92452	2b2d726eadbd62d837eb23bc685ea2b758575307e7b0ae11f81d919a6c51c709
srv/alpaca.srv1.jsonl	96	227575	63020	8152d0d6a45e4974a8e10bf5fe221daa22cc79ed799e0fbcfbf4f9dc5ceecce3
srv/arena8k.srv0.jsonl	96	429063	86676	9b86288dac49eba02f91e841ccb07214f4bc81fd9ac90ce8d92744ba17afe913
srv/arena8k.srv1.jsonl	96	229739	61735	92e81c114db809a15b16f0488c2f4e2a5a1dd419e6bd69fcd9738aefdcb6e0fe
srv/gsm8k.srv0.jsonl	96	420804	79698	55fb9cb9ed2e104afb51f7c369019ae896b665f3d094670b6e41a47d776ecd12
srv/gsm8k.srv1.jsonl	96	225954	59194	c8fb3c373ef58a3c1a6ab889bcc3a3b733d3265b0eaae1f1ae9c1b1d342107f0
srv/mbpp.srv0.jsonl	96	424770	81765	23357171ad4ff3b61414f6c8a31bfbf1481a839326547dda8110d6077ddc89a7
srv/mbpp.srv1.jsonl	96	225423	59425	7b8e4ff86f11403a2ea5d20f1bc035dc7535bfbf0948388b6e505566dabc026d
srv/rerun_arena.log		896	523	29ecb14a16a2c961fcceb8e4f07c278f786347ee7dfa4ab59673243f18836350
srv/rerun_arena.sh		1523	1523	936c1880688e949715abd5376a61b09c0346eae5c431bd0fa15a5e671466d599
srv/retry_arena0.log		1497	821	2436ee478138aa6c211d2bb6587adc05060c2a16156ce5ced892b4ecd8a83659
srv/run.log		2802	537	de3c55e20693db38bdb26f17caca91cb3c6a3215f85012e8dc4fdede3f629b9f
srv/run.sh		2358	2358	019b481a997a9477535deeebaede2499840e5fa2c02e62e9c76b3de5163b06f1
rm_snis/RESULT.md		3278	3278	2a5b3f276b5097d5dd252c9417d0aab7558fb1ab5b579ae0e5eaf88ca0599223
rm_snis/alpaca.rm.jsonl	224	606302	159081	d292b2563d76a80ea474bbe235f0bf4040d1a057856f0a9f20cdc2ddb092d579
rm_snis/arena8k.rm.jsonl	148	407306	110482	e1cc567bc3c67a71b0a0d8b1aa04356340a2c754a60cc806dc968252527cc089
rm_snis/gsm8k.rm.jsonl	160	431264	109967	142e382b71d290c8e9ff45e3eee9b090c0479fe68fe7ae519b66b4f2dbdc32b7
rm_snis/gsm8k.rm_snis.jsonl	21	55850	14347	a7f6694a91c16c16e5fa5dd70e7abba06ed1f7e57434160bbd11894daf849ab4
rm_snis/mbpp.rm.jsonl	166	443925	110316	0d632f7aaaf64e92d6130fdc2fb919d3beef013ab9eb453733efa6511ca5dff1
rm_snis/run_full.sh		979	979	0ab5f0040515f21d66c7810b65e01c521ab3dec124b9732d3cbbc60afb32b1c2
br/alpaca.br0.jsonl	96	25438341	3129854	52dc6b7a042b1372097497e3cf977fbb925b16f1465186eefd6124bcb2699e6c
br/alpaca.br1.jsonl	96	25278369	3209986	bf99440c4b2a9ce56e59efade371efcab0ded4b83a7e0a789f18ce710a60fca5
br/arena8k.br0.jsonl	96	25298098	2863316	47b3e9ee2ca62fcf16ca166d805a5ba656909ec08a255f9571e490929c5157d7
br/arena8k.br1.jsonl	96	25158315	2922750	2ee7488325935089a9ca1b987e5de5d5b73778070f9ed796b825fc39471aaa39
br/gsm8k.br0.jsonl	96	24177765	2464874	55d4bdf84a726137fa3694179c60d2ade569e1ecc1671fb5c3e59c7839ae493e
br/gsm8k.br1.jsonl	96	23920405	2475272	5bca5209f471cd28dc448a79b90bfdb16c67a5ffe78d3dfcbe983317b6e73167
br/mbpp.br0.jsonl	96	24694175	2660914	b6aa78cb6e6f743e7ce342921ec5b76f080b6d8e55a744b32b632cbdac3bee3e
br/mbpp.br1.jsonl	96	24544187	2695187	99dd9f6370f9537f675d4ee9c46a869834bf14f33fd7759f481c9595b0ff48c7
br/run.sh		1866	1866	aa0924f73ffd42c3c16450139a848f0f506b3279fe390d84048114657cddc5d8
api_v4/PILOT.jsonl	6	10271	2792	4638fcba3f600d4e427e3e3e52fd944f6e3b66679db1b5f5214ed49b05782823
api_v4/prompts.jsonl	48	20741	7054	b147c2432bd7db9df801eaf863d44ee5da9f7547dbdca8c8891698430685215e
api_v4/prompts2.jsonl	72	30059	11726	08518768c63892da7bada552140dd52ee19af3ac960355dda3c422d295a31f98
api_v4/run.log		5288	1599	30b903458291f356fdf8151847e948b9f1ff48beafe325a3ac5cd0e8cda7c060
api_v4/run2.log		7646	2062	cc08928c6b7144c0db9805774076e6b8cf4ac53212a8a03fc7a7e49275ee11a1
api_v4/v4pro.jsonl	48	87278	20633	05b843530354afc5a72cf3390304b8285ffc907b5a9f45478727bdd325239d2e
api_v4/v4pro2.jsonl	72	131074	30139	cc51b31a4ed6712b37fab6299ddbb3454533777a932c310e95fd3a35dfd21abc
gate_c1/gsm8k.C1.jsonl	96	221033	38028	184d136e407e5825f74dee1c58428b34a45fcb7b786a291eca924a1c0bc65ffb
gate_c1/run.sh		821	821	18665fd4d836b6c568734d05e44e2dc8722d7d7cfb93cc1fdfa18a946394df9f
gate_c1/run_rm_snis.sh		506	506	64032c17caca0a30637507d33e985843ecb7c2e874b1ee437b5072392a86bebc
gate_c1/v_c1.hf.json	0	8685	2112	a5703bfd55fa8e81539b65eedcffe063968100de713e2ca33c2dd0d398331318
gate_c1/v_c1.sgl.json	0	5693	1941	14b6335edcde7723f71e22b9d741b7711e549dd4763f41e8a6ab4a291c32cb16
t0_s6/alpaca.t0.jsonl	96	96325	24797	41187be97ccddf4a482487f6e9efed360ae4e79ba85413eed1b98488362fab19
t0_s6/arena8k.t0.jsonl	96	94181	20873	1f5bb2da3335a34e754c8cc5823c2e43a7902f8bc83dc634392659980e6473a9
t0_s6/gsm8k.t0.jsonl	96	93273	21117	3ff7bb4867dc13bb62de1ad0f5701df16c5618c535c7bf0fcb598e9774d22a0c
t0_s6/mbpp.t0.jsonl	96	93120	21322	a7f2c758ecde58d4c7d4646903f83d3615f32cd45698d3171e45ed3c7ce1426a
t0_s6/run.log		1322	333	3f80f90b8efc0456afa4e2f138b239a14f174cf101808a1c925e685aae276982
t0_s6/run.sh		1592	1592	0d2cadd5b9c08fc9a396b44c16f073ebb5c59ddf1b1e8e130351dfaaff285535
scale/RESULT.md		7501	7501	ede317c60e67a460ec4701910bc5881f6375a6ca6e5408ff672fb8f75ebe1ecf
scale/arena8b_rerun.log		892	527	9af7b5e4a3a4c040adcda4631e1bc1c4a6e06e4798f393134e9066a1e5e57f98
scale/compare_rerun.py		5751	5751	d58482fbfc69137fabb639a2457eb9a4cbf5f366c432e1a658f6836e9b5f6db5
scale/dl_8b.log		357	233	74d2129e6b485a8671bdc85d0306fa7dd6d141349618b5ec2cb2ebdf2392fc9e
scale/gemma12b.log		361655	18201	6f479218b7515c01aa2d8caa20224905398f7293317c8b35b7f603402701c5cb
scale/qwen14b.log		8201	2188	7958a4348b31c743007061ad82cfce8d1554e6843b200a06a42211dbef76b66f
scale/qwen14b_gsm8k.log		2232	1159	a9cbbad5d17c33574b18d68124696de0cb83b5457c3b3ad943f52fedab5e4b92
scale/qwen8b.log		288067	23209	0d1415fb80d3aba698cec4a47bf44b8828ec9ad4e9c1bb168e61d9734d5f78be
scale/qwen8b_srv0_redo.log		1550	871	2a0590d0dd5263b3c9aea7f2de973858be3be13933df72307d829bc42cb30a0f
scale/rerun_arena.sh		3041	3041	d4c7e6cdef0dccba86f6ce8df2c2b8d05a6ddb1d3c275156bc4538c424ac4d90
scale/rerun_arena_fix.log		3199	1255	3123ec49987dc31604f01ec4553c55d0396eb0142a2cbea4789e7edaa716bb04
scale/run_qwen14b.sh		3954	3954	b675849f51d04761314923bed0093981862d31325bf01c6247a8ded206c07d4c
scale/run_target.sh		3577	3577	74513b214c238e14686d09996cc5b77e35abba20e15411c561b365f5b27bb817
scale/scale_all.log		65	85	6ac5aef7326f625070376499d40742bb5ada92203734a4f5e6071848528b94f8
scale/smoke.sh		1992	1992	a28a272f9189e112f059bd7e780f14ee66ae15890bb53b44ea364483c4545135
scale/smoke_both.log		20	55	af49ea889002febc1c3cf88c732a0b9a7151ffde20cb08d84e7e9397c09b061c
scale/smoke_gemma12b.log		83202	5567	9a3ce83d6fbb6790189e7ccaaca1a32cd9df1ac880d317516c60b2e767fb933e
scale/smoke_gemma_56.log		3977	1589	4045480de10d56d7ffaf07b6e2da85eb67d0caf89fcc5f9b4d27d017624fa133
scale/smoke_qwen8b.log		68662	6534	4ac4b6c9a8539100d9ad2fceee179fed9f5e50985dcb3b484b31d4c049ee445f
scale/sweep.log		113	75	0a78bb1296374aa3a2222d03384e55ff6470e022fdbef8a7bbdb48ba71c2eb3a
scale/sweep2.log		126	111	fff4918e7be54193a118eb88ab7870355f9d1a7b272b8de7e2b71a5996fe1407
scale/_smoke/qwen8b/gsm8k.anchors.jsonl	6	1156	290	c0c3a48c7cb9e294300464928e6ad1d733c5acfdc80df9f8486d4cc0d7aea46f
scale/_smoke/qwen8b/gsm8k.jsonl	2	4069	1145	9cd6b3c2df7df79aa64f7b23b101f9ece8f315a712bb16fd339e64f2dca38510
scale/_smoke/qwen8b/gsm8k.ladder.jsonl	6	5851	1600	6e658fbccb9923b7ce80f1095566b7ac8a9a08526cfa2a90eba954681b5cf533
scale/_smoke/qwen8b/gsm8k.srv0.jsonl	4	16681	2923	7934a3095000c51946b1961b269d4c66abd2131a6ca3abfeb6fa6cc4f57d0749
scale/_smoke/qwen8b/gsm8k.srv1.jsonl	4	8835	2346	f9d87085fdc62a37b2aff839f4847b682c149bbac5e7079a096a80a9c6d32f14
scale/_smoke/qwen8b/gsm8k.t01.jsonl	4	5628	1323	06c8f29f00669ca70e71d193a09d760cd213d94d9e9a71395529987a00eef033
scale/_smoke/gemma12b/gsm8k.anchors.jsonl	6	1141	295	1e28098973e69297283ca2157c3df46e2fefacf815b9be23f73e0662c3c132ce
scale/_smoke/gemma12b/gsm8k.jsonl	2	4344	1077	f80a560a90011f74cffc5870fe19ac08cd06d45e512d91505488e2a289a853c7
scale/_smoke/gemma12b/gsm8k.ladder.jsonl	6	6967	2540	83cb31c198fe2f68d86fe99bf0ce7e8e178b26696582140d3d2e85b2395310bd
scale/_smoke/gemma12b/gsm8k.srv0.jsonl	4	17964	4056	91b18a112ae5ca97ef19a9110a761516e520cb8973895c52fafd1950f4c3fcdf
scale/_smoke/gemma12b/gsm8k.srv1.jsonl	4	9304	2955	4e170997aa77114f0b8697f3d9ee21c2c749782fbfef09e03b1c5e437025e640
scale/_smoke/gemma12b/gsm8k.t01.jsonl	4	6363	2059	25bbb6c2b0f4a89aac2ceaed0f1c40b29a9f086ce9b352180e1570b6284604d1
scale/qwen8b/alpaca.srv0.jsonl	96	438654	96295	2251502a6c2f241fb0f49626e239e7ad47c17545ea0e424ace78c1cd61861480
scale/qwen8b/alpaca.srv1.jsonl	96	226671	63018	978613d3713c1b5476fb4c7b99e5a8505c1272323f5c31f4e3792f9c4a97eb3c
scale/qwen8b/alpaca.t01.jsonl	96	157552	42446	19a2739ac26bfbf495e590a9c152d581e711ebc7d692335d884461d1c5c7e227
scale/qwen8b/arena8k.srv0.jsonl	96	429478	85761	23f175f1b1438f71c7f5cda5dc28aa35f690788ff4e4992fb80fafb95bc9eda3
scale/qwen8b/arena8k.srv0.jsonl.pre-oomfix		390108	79313	84673a3f11297d84a5de592c492fdfb7e245fecfb21a38496bdd8778a038d302
scale/qwen8b/arena8k.srv1.jsonl	96	229633	61575	38a80637b83035bf3d7d10ca619f8ddee9260dfa82971228fdd716137155e5cb
scale/qwen8b/arena8k.srv1.jsonl.pre-oomfix		207793	55843	40a52824b15cfeff9060f5fb9fb1d91606ddf7005f18ce3fdbab8d9d08e41c09
scale/qwen8b/arena8k.t01.jsonl	96	151967	33423	098ec00f4fbfed8cdc82f94dc6d7e53a50e23842802b1689a6fd50d52686bc20
scale/qwen8b/gsm8k.srv0.jsonl	96	420484	80216	e198fd9dbac5906d021405171f490a89f52b2978947905e43fde7af4bcc8b6b9
scale/qwen8b/gsm8k.srv1.jsonl	96	224943	59127	d9c03f45425858af61f9710ada25327b3f9bf51a95b5a32ab50d015c1f0d1e88
scale/qwen8b/gsm8k.t01.jsonl	96	149883	35431	58c4e0fc4c624ad089280ce4d83b1f23123b5fbd558d3bfbae5f8a5bca0511f3
scale/qwen8b/mbpp.srv0.jsonl	96	427610	85358	ff046aadfe50de32ae8e53233e433310c33a7a83183c3f05a6fea438f9a0572a
scale/qwen8b/mbpp.srv1.jsonl	96	224415	59498	9f5a8487d286c3e13a80eda8b82e918c31ef3ecc4a2fadc37638a43722f9fcba
scale/qwen8b/mbpp.t01.jsonl	96	153372	38495	0ae875fd250988f94bde57a31a1a7d68ca149fa69933b4e32867cc6dc57f13fe
scale/qwen8b/C0/alpaca.anchors.jsonl	252	49946	2930	b4dd4761f2968145112aa0616d989f2d0a3b18a189c8aa40d8784aeee8ec73cc
scale/qwen8b/C0/alpaca.jsonl	96	232382	63536	8589c3bf07a7e0c11b3bb0f5bdebbe85f1e27c595b63a70fe84449d1fb999422
scale/qwen8b/C0/alpaca.ladder.jsonl	252	278561	84713	9ded91966b9002c88b195b59813e728fbb64b18222aa0eb4ffadb5493b352d0e
scale/qwen8b/C0/arena8k.anchors.jsonl	246	51451	3438	a8ff57d05dd1639442731213cafa9cde73da96a3dd1d4580717f41fc054c2694
scale/qwen8b/C0/arena8k.jsonl	96	1028595	224843	e65a83b706445b2fd3c985469c12924aaca32eb74b640f18698e3b5bcd6cc229
scale/qwen8b/C0/arena8k.ladder.jsonl	246	266234	69447	4b1f37c84b7f637c4ca9319041dc669c0724036f54ddfc9edef378e220707401
scale/qwen8b/C0/gsm8k.anchors.jsonl	255	50120	3082	9b6e3f617b44e0b7789144cdd4f0a5c505dbceaba4a0e87ec030bf841b997553
scale/qwen8b/C0/gsm8k.jsonl	96	235278	41662	e21bc6669155739583b51d9bb3f19a31c4e65d2cc0811e6a00691d50e46c79f4
scale/qwen8b/C0/gsm8k.ladder.jsonl	255	262665	71671	2b9317ffc2fa476f15c1aefb238126a5f8c43ef802e93c19c7c4c2105baba3d2
scale/qwen8b/C0/mbpp.anchors.jsonl	252	48898	3020	87f2f76253b8c92fc2a25b1bd13be0c775502b01f76cebde0a079eb6dfe1feea
scale/qwen8b/C0/mbpp.jsonl	96	222664	44766	1dd6ce7c209168a1b230fb4239c0056d6bff8850162e9d63cf1b777c5550ea4c
scale/qwen8b/C0/mbpp.ladder.jsonl	252	271049	78383	05d1d04176acffc9a88c64df621ff3adfad2149a782189a91e94b3fc9aee6356
scale/gemma12b/alpaca.srv0.jsonl	96	438658	96005	e66c8c9e31bcdfae9eaac9b84071d7f9396a883dccb0b3bb4498f5e02805b477
scale/gemma12b/alpaca.srv1.jsonl	96	228759	63548	db135d97df06d302d061c5167e815857c13d3f562449d77b51e5cb781b10b8d1
scale/gemma12b/alpaca.t01.jsonl	96	157293	44226	8f776b2c696b3164d4e0189d9947090c7bfa5ab45255c41dda6c006616a8f15c
scale/gemma12b/arena8k.srv0.jsonl	96	431822	89768	00e5008263b64435f40ad5582e4e5c47b50366d96a54c6de9c4819b2879f56b4
scale/gemma12b/arena8k.srv0.jsonl.pre-oomfix		260615	57356	b55628742ed4611a9a4d9566df23a00b2b22ae06e47eaa9cc54d5899fcae2363
scale/gemma12b/arena8k.srv1.jsonl	96	231035	62796	b159206fdb6008953f348133b7f92c59ef6e72110af479de7a2bfc1b3340f42e
scale/gemma12b/arena8k.srv1.jsonl.pre-oomfix		14500	4779	7470bab0ead5af57ccdf10ddac32acde3506298247f16cfb263fcc964a35107a
scale/gemma12b/arena8k.t01.jsonl	96	153988	39082	07c5ee0aae7fa082c547c15a2ea88eb781a32330014f1a60b71771848c15413b
scale/gemma12b/gsm8k.srv0.jsonl	96	436561	91183	0d7d2fd113d8af9cbad36fb1a92d76cd9472aa15929ab0bfcb2191fe55594227
scale/gemma12b/gsm8k.srv1.jsonl	96	229214	63497	172b52b77bb4b9e80bcb73f82c2ce9bff7ffe002ae11ed6ba23ec0a82ac5d6d3
scale/gemma12b/gsm8k.t01.jsonl	96	156954	43630	8a65369cc79ac825845f86142fc6986bc0e2628b83c13ba4f650b4bc10c3ec05
scale/gemma12b/mbpp.srv0.jsonl	96	433911	91501	9e91ffe47833889c94ac82e0e588b1a2f56ea91555513a75fd7271b484408a43
scale/gemma12b/mbpp.srv1.jsonl	96	227985	62640	751664930b0ef85cbf4bf4d79cafdf5e2fd7ac61c77adb7e9e3afbc15feaa00b
scale/gemma12b/mbpp.t01.jsonl	96	156528	42528	603084b6bc220441ac8401aed442e2fb49293d1a308bede8a6fb11f59744f262
scale/gemma12b/C0/alpaca.anchors.jsonl	255	50312	3016	adbd2642e2504e0d85dc1c35f5e23ff800d4bccef2f4b8be1ef0272b3db4a0ef
scale/gemma12b/C0/alpaca.jsonl	96	283065	72984	ca7358e1e121897cee551e8df8193a68649c5349b6a4fff683061143a22b768e
scale/gemma12b/C0/alpaca.ladder.jsonl	255	289335	90272	f30008a27540d043fa112f4577d398b4534cdfccb287988ff8f899de2a57fe5e
scale/gemma12b/C0/arena8k.anchors.jsonl	247	51440	3379	caaf20e00d99cca0f0aa0f8f2bca63176f5975cbac79e9856d693fe9bd0b538a
scale/gemma12b/C0/arena8k.jsonl	96	1125736	227197	f981747e43e7c6aa995defc95fad50b6888d2fd36a9b7dc1069b512cd1ba2c69
scale/gemma12b/C0/arena8k.ladder.jsonl	247	262122	73325	757a251c120eb9e567d9c40a97e1578f22ed077468bb7be853460041afba7062
scale/gemma12b/C0/gsm8k.anchors.jsonl	218	42059	2759	2806aa4aa906cf10a31a83bb9235b73e7ca4e48f855a0f4bdd54c685876d9b6c
scale/gemma12b/C0/gsm8k.jsonl	96	302758	46407	cbcbef95fe27f700a27bc823d8b6cebfd1ffbf8754d2e0e2cc2584e74bc6ac9f
scale/gemma12b/C0/gsm8k.ladder.jsonl	218	247171	73258	b91e155994aaf051694da1398858f01922cd8cf5912f8081e3f852c18661ba9c
scale/gemma12b/C0/mbpp.anchors.jsonl	255	49668	3228	3fc8dc01067164e442e74ed52f6c9684b1d9331fa3159d786dc4166ba990b772
scale/gemma12b/C0/mbpp.jsonl	96	461569	83554	6f2833cc278e08fe4a5779c767dd10091e0d7aa9647299a88226b4b4b6e7e565
scale/gemma12b/C0/mbpp.ladder.jsonl	255	284734	84877	e9972883ea3809d6bef8e7f3bca69d8f5c35aff5f67de666c16f3172fa2a3619
scale/qwen14b/alpaca.srv0.jsonl	96	437144	95648	12bdb19f1cdeb5f5fceb93584838c84eba1da8e2e1f6dc7d717b704d7ac9a29e
scale/qwen14b/alpaca.srv1.jsonl	96	226769	63241	21b851362d6704e1de06a4b425493c39c6bde8abafe5a6eb4b2d7a9b8224a4f1
scale/qwen14b/alpaca.t01.jsonl	96	156962	42606	6f9dec34f65fa2d3c2e2adfa2a07eb0ecd68d857dbd72348f8414157f7643994
scale/qwen14b/arena8k.srv0.jsonl	96	434584	92087	405a5dd2785af0c8562cf86a073d63db999f6509e10830056cbf4550b3624a75
scale/qwen14b/arena8k.srv1.jsonl	96	230819	63513	1946adcd1d71e3a3789ca2a7e2e42bb7cf8fbbda1da8134dc120a290addb273d
scale/qwen14b/arena8k.t01.jsonl	96	155078	37578	2ead1cad503fda910101bc04ff5e7107637ab536717d5140678cfb77a4044956
scale/qwen14b/gsm8k.srv0.jsonl	96	424332	84677	a79f9575fd64822d77c522051d514d425a0c7ccc4e79a4c5230303acc7a3cc65
scale/qwen14b/gsm8k.srv1.jsonl	96	224513	59587	db51f887a3c88266abdcd485c4c64de112e68b4a5841634a121b7ee7fc862aff
scale/qwen14b/gsm8k.t01.jsonl	96	153071	37636	81f90c8e2ba7742eba6a7d6651888b7d062bb61b4421b18ba648579a6bb0a0cc
scale/qwen14b/mbpp.srv0.jsonl	96	419691	76392	2e9f1ba66df757cc74315763a62fd73f796068cd9529e17f6ed2696863889a9b
scale/qwen14b/mbpp.srv1.jsonl	96	223181	56805	d4c2db586c484cb65792770da0344f2e405af4dc523bb35a7c34c327c2374e7a
scale/qwen14b/mbpp.t01.jsonl	96	149720	33759	3b85b6d98eff688d389fe1198e908069796719b13d6b424ef2ecb9f21fd9e6ac
scale/qwen14b/C0/alpaca.anchors.jsonl	223	43994	2816	a61b614e0e83422cd9f1c81c476ee081a501134ab157f39285ec869b3eb1afc9
scale/qwen14b/C0/alpaca.jsonl	96	227495	63128	df821971eead3a2891959c016075474eee5ca660c12fa36102249b817384a423
scale/qwen14b/C0/alpaca.ladder.jsonl	223	245555	76859	7347062b1d30daa1698899034f77ab0a8169098e631d228005516bd02c8323cd
scale/qwen14b/C0/arena8k.anchors.jsonl	247	51934	3478	d8c1c328ddc85da05f347e3c00aba6fd95d2b4d829c26f45e65fe03c79266832
scale/qwen14b/C0/arena8k.jsonl	96	984902	221963	6b43438fb18bfd2353565017ff483a40d690d726a98db67178e30ba8d8b4785e
scale/qwen14b/C0/arena8k.ladder.jsonl	247	271030	76721	db066fb9cbde77fa4d9dfd6cc08ec00ef0c0e4def3c6b33c9a8dc58018bee46e
scale/qwen14b/C0/gsm8k.anchors.jsonl	252	49242	2993	c375f4980d89225c9639208fc67ba26f53e437da02e846e9f111d33cc1b7f68a
scale/qwen14b/C0/gsm8k.jsonl	96	228771	40669	bb6eca23b90ac80a6cbbc869312a083bbea6ae40b2b1549982bcedbcdce26d94
scale/qwen14b/C0/gsm8k.ladder.jsonl	252	261651	73455	5a08fc36a7fc1914783d1f3fb9375a74c5dfa14c1ddf96b1d92597847776f9f4
scale/qwen14b/C0/mbpp.anchors.jsonl	255	49891	2975	339090357e5f96211df0048023e024522ed9324c3ba8afb8d5a1672b7cc8b2dd
scale/qwen14b/C0/mbpp.jsonl	96	209892	42906	828a852a073e713e4269d88afc107067d1ccb56766187b8e31d7ea0d2ddaadfa
scale/qwen14b/C0/mbpp.ladder.jsonl	255	266462	69390	9e6502b50a11f25017e10639efb44e8ef953b3ad06b24e6358a27fc8af177e88
rpre_c1/gsm8k.C1.anchors.jsonl	512	100423	5370	51d5e44966db89c657a38391f8677efb8dde1838f770cee57e9045cf7c31c469
rpre_c1/gsm8k.c1prefix_c0law.jsonl	96	113930	28324	7f5314d2e42705747e3cc481fe7617f0b5cba76a966811d46685112141c0ea60
rpre_c1/gsm8k.rpre.jsonl	96	79621	14451	fd12f2014266b4114d9702d6fc7d0fc31147624ab5dc768a7190017f1d10b15b
rpre_c1/lawablate.log		384	298	c2f9b37351579ef01695568cc54814c7e9682c89464b3373a730e2486af7abd6
rpre_c1/run.log		884	372	3b98a35544121e63063c44893bf62e4f07b7cffa0184e94e3417cd452dfe1984
rpre_c1/run_c1.sh		1463	1463	79d5ebaa0a9afe91582380a045022a0683fce2ab483cb7b3c3d2bdf984d9a760
rpre_c1/run_lawablate.sh		1045	1045	d20d54a0d107566f9222989890ff65736cad2c43563a423eff64784c8cdf2703
rpre_o1/SMOKE.jsonl	3	4959	1654	93a1802aa0ce4b12d812d6ae5675b97eb711c9e75e41c4a9fb7687e37094df83
rpre_o1/alpaca.rpre1.jsonl	96	172851	43170	139d59ba1a38e74320b8bc034d657c9a6f8e9e53f8d5792e23fe26bf62d642e9
rpre_o1/arena8k.rpre1.jsonl	96	176549	43561	bd9f1971854e4c56983d42c8a3d91693b01af1a7e6c47dcc0414a50268dd9e43
rpre_o1/gsm8k.rpre1.jsonl	96	173752	41943	1c61b4faee04f8c904633312442940318a3a8c0c4fd31244f8c86977747b5768
rpre_o1/mbpp.rpre1.jsonl	96	171796	41091	52d21b21255b1d89149c9bbb61fe908cecd87d8a3a738eb68fce07dfbc35e9b3
rpre_o1/run.log		1713	379	eea540e5f33f550c5ffd29a631f22b09ad6529180135e289971f8fd4efcf619d
rpre_o1/run.sh		1425	1425	f62968eaf75bc8940fd85d3103eda5bd5bc47181c4f801b84e1ee53bbb0209c8
tk20/alpaca.t01.tk20.jsonl	96	152212	38870	959ad03c7397683d1fd6d5e87f95d13ee70a999d12589d1abedda5a9cc7fbae1
tk20/arena8k.t01.tk20.jsonl	96	142995	30677	26fd8e5f988a561cea376db5d3d5480f7e155540f23e85da8f55c0aff0d19779
tk20/gsm8k.t01.tk20.jsonl	96	142868	31678	f6ca107d22c09dc54495b3851849af89c54dfcfd0260d3be36773491d35421df
tk20/mbpp.t01.tk20.jsonl	96	143808	31841	4342ae275e85474ed944d47cea93f93059d17734378c7c53fbfd29594c34d57f
tk20/pair.py		3819	3819	92f9f7da222264067a14b879bdd03ed39c185a9f4832e061c38e0286cbe55b4d
tk20/rerun_gsm8k.sh		880	880	15ace3b5c2b591db2afc85508837e9f7c570e65ace2084134b12c2bc3be0ea2b
tk20/run.sh		2228	2228	a10a97bea930315ab6c18ad7cb9a257b505af4533a0da0b8b6d402f446c5e112
calib_20260818/MANIFEST.md		2866	2866	c5b35c5e7ac6c68a86e04df0cbdabd372d37e7c0aad33eb986d16e9b3de43836
calib_20260818/v2.hf.json	0	41551	7883	d4341cb60b423deb9f240410db3964d2aa1c737a323aa85b29a8910a9c72bfd8
calib_20260818/v2.sgl.json	0	25678	7028	219c509bf0a8973e55da7679372af150eaa86c44b1aa19859c542f24ee315451
calib_20260818/verify.hf.json	0	5695	1217	d07815080f325cd3ba231f4810d38f72f169a2cc894589f197eb6617d1fc9a14
calib_20260818/verify.sgl.json	0	3264	1059	55e514a8caded809ea4414825d2f5bd473630fc11303843aa15b9b507cfff31a
calib_20260818/C0/alpaca.anchors256.jsonl	252	50079	2988	d4731026d436049e47b31628318b3b04a3f661f87e32ac052e3128bcca04f474
calib_20260818/C0/alpaca.jsonl	96	228619	61475	3548b8b287048bc5e573912d8e5df24b79dbac39cc1400701eb7e3d10eaeb4c7
calib_20260818/C0/alpaca.ladder.M128.jsonl	252	274610	81897	918a820273120557ed1735ffcc810b27b763f040c8272b2c8f1c8b26ea066f17
calib_20260818/C0/alpaca.ladder.M256.jsonl	252	275843	83280	29c77913fd1a4922742bc812a098fbf6f1488d44be424bc40c3dc63c8a4baa04
calib_20260818/C0/alpaca.ladder.M32.jsonl	252	271572	78232	aa19297d4330ae8a2977ca7b7c9ee68171eb79b58f9d5b0463878d50b6c2cb5a
calib_20260818/C0/alpaca.ladder.M512.jsonl	252	277089	84091	39c77306fc8d5357d37866a1780f059142a863d4c4e1d8c7cb7ad3552ccbd7e6
calib_20260818/C0/alpaca.ladder.M64.jsonl	252	272403	79957	7c01663ed4c5e41902e52eaf7ba149e192603917dae15105ac3f35dfc071664a
calib_20260818/C0/arena-hard-v2.anchors256.jsonl	252	52910	3484	f741dedcde111d802f3be9ce65158e0b9a9b14d0a4da2b1b70379bc3054f928d
calib_20260818/C0/arena-hard-v2.jsonl	96	898546	203104	f660db19b6136dcf2b5ec2b430abd5915d5cdc72852d429753be50dabbb1a974
calib_20260818/C0/arena-hard-v2.ladder.M128.jsonl	252	262599	68053	30d9f94217eb225ebeee083d88b9fb56791475dd6c2cde50083a2ddca5fa853e
calib_20260818/C0/arena-hard-v2.ladder.M256.jsonl	252	264289	69791	8b07d65609f253bd3604deadc6e806dd0aace7eae9781565fd82a4d9408d35b9
calib_20260818/C0/arena-hard-v2.ladder.M32.jsonl	252	260845	65008	ce42dbbd7b687577669a1e0775bb7ec7bc9a1eb827a84e2bc3b4e24ce257d45c
calib_20260818/C0/arena-hard-v2.ladder.M64.jsonl	252	261661	66892	a9be266986202b988c1830e80e21b100cf69b54fa81108d9a4bc5dc79dc6ead5
calib_20260818/C0/arena8k.anchors256.jsonl	247	51811	3469	09ac0eb60218e73af3d8cfd4bec0cb76f328fcae527af3c6730231590bbfef48
calib_20260818/C0/arena8k.jsonl	96	966744	212264	52daf4a63162f83d6cd6b1f49982a5f3a9516dd524ea48f31dfb5da591b4677f
calib_20260818/C0/arena8k.ladder.M128.jsonl	247	263346	69419	084c0e551c8396b2cf96009ed3b563959e9e70b7a72eb184a4c12192e8684eb0
calib_20260818/C0/arena8k.ladder.M256.jsonl	247	264165	70653	4888dca4fbfc2525836ab36bee2c65044168e55cfdda513e09cb5d533e243fa3
calib_20260818/C0/arena8k.ladder.M32.jsonl	247	261576	67038	9272fdcb75b86407712deaffd02ad17f79c0641cfbb259c14148c6880c19e0da
calib_20260818/C0/arena8k.ladder.M512.jsonl	247	264435	71670	fe2571cd1b47947637312df2b7d0d1c227ae7241fc18368a3ea0ad95df5f9506
calib_20260818/C0/arena8k.ladder.M64.jsonl	247	262121	68385	e596a7f4b8dac9e9f434485465a0d77a1d2bf2e488a9163ee21397445a0ae44f
calib_20260818/C0/gsm8k.anchors.jsonl	120	23709	1736	98eddaa53187c860df0f87fc96403b48d0d16710148c135ce6c66315c83f6afa
calib_20260818/C0/gsm8k.anchors256.jsonl	252	49672	2982	6d71a901a38bfa5982c4cb5d2bd2b23ecd1a31c2a1c1845c90ecb2046186de74
calib_20260818/C0/gsm8k.cheap.jsonl	36	35224	10009	997d08ee160ba0ded6cda49e614204c6feeb2d2d1d0d183885cc3f178ad4a9e9
calib_20260818/C0/gsm8k.cheap2.jsonl	36	35657	10035	5bd1f5401efc904ff0d286fc15135c5af8f62735b32c1ba48b4fc2434a3531b6
calib_20260818/C0/gsm8k.cheap3.jsonl	36	36557	10066	2aba2dcacb417672c35844bce7237fd78719716adee239d9feb76fc4bb292b37
calib_20260818/C0/gsm8k.jsonl	96	231813	40359	731a72eafbba86e5a85d1a3daffe8f661060e333ffa44d313457ef6ecc683022
calib_20260818/C0/gsm8k.rm.jsonl	18	20112	5313	5a6e20a34ac8a9d762b69399e1b6a3b75e86dea9e0cde9c8471a9e2fd6ac8ef6
calib_20260818/C0/gsm8k.rm2.jsonl	17	31925	8686	88cb96bc053eaca7e6d05a4df56d1bb3c1fcf230dbca85cc6e2ef9a2d6ccb30d
calib_20260818/C0/gsm8k.rm3.jsonl	17	32841	9383	ee2626f16a57afaf663133b282b3d9fac319b8936c7e9bacd17922f8d3c51d4a
calib_20260818/C0/ladder.M128.jsonl	252	256756	66103	2e9fd519407028d8e38e6eed822961334fa89c597c2b6bacd76313f4109736e8
calib_20260818/C0/ladder.M256.jsonl	252	257723	67050	b540c57e16196a9c0892838bea943583d73a46f28d8498efcbe7525df415d59f
calib_20260818/C0/ladder.M32.jsonl	252	254273	63199	3860e5a265130d5e93e2285618d51541c5be1ed6e0fae169bd735fe3df9155b4
calib_20260818/C0/ladder.M512.jsonl	252	258131	67893	9d5f1a6f47d638f0a3f9e590633937b341034311b2078fe4d6c65f352894eb33
calib_20260818/C0/ladder.M64.jsonl	252	254882	64448	27d6cde2c5eac0665bf891228b091fdfd42b993ba0d37f7194d974faca94bb54
calib_20260818/C0/mbpp.anchors256.jsonl	252	49401	3004	6cb3a6ec9d3be4d5fb869fb8ba068d946f17644851aaac2194380186d5067e04
calib_20260818/C0/mbpp.jsonl	96	207261	40780	e1453c724d50b6bc5bbb3d199557e1ea7bac6d148ef4ddef9f3ec3e76fdb56db
calib_20260818/C0/mbpp.ladder.M1024.jsonl	252	266375	71780	c6942ad07dc6dab54a5056eb1f5f8460412bca478d8d098e0769d572a22a13d7
calib_20260818/C0/mbpp.ladder.M128.jsonl	252	260915	67283	bfa834368c7865e30afe134ff210f6a5e272ff56b3550fdd45c96eae9d912c6a
calib_20260818/C0/mbpp.ladder.M256.jsonl	252	262183	68748	681b54c4c38304ac908870c864f4c53e1a351962bf11e177e589911c8e98ca49
calib_20260818/C0/mbpp.ladder.M32.jsonl	252	258436	63470	9bac37482d13a9f151edb3a6c4906bd9708de4173de7d01bb61ea0068e6b973b
calib_20260818/C0/mbpp.ladder.M512.jsonl	252	263357	69897	c80b1d9581fb2ba808cea059d4b216f595ce392efa2b89a85a704455fd82ec79
calib_20260818/C0/mbpp.ladder.M64.jsonl	252	259133	65146	d018901203194cee52f8016ba57bc0584ee32652e9ca0fdfcd9c53a6df6ed838
calib_20260818/derivations/TK_OCCUPANCY.md		2404	2404	07979c55cbbf941602ce5b48cefa20a2e505834dccb45772a8a112d0c0b243b5
calib_20260818/derivations/tk_est.py		4995	4995	e344f6a665b41c94420cd8aab670937a2437eded86de3f79aeccc267d21fb006
calib_20260818/derivations/tv_opt2.py		3423	3423	3355a10492b36f4d0e331ccc814b29edfd34a9d0a973d92231265496889c7c36
calib_20260818/derivations/tv_opt3.py		4272	4272	14d8c0299094bbc62baba34b98260e609148c8a0b83d75fb583f970ef5a3194c
rpre/RESULT.md		6988	6988	a524da06b5b98892df17ccf36a9874f1e3d594dd24e7c003cfa169d26397f2d5
rpre/SMOKE.jsonl	3	2962	1184	7af4336963b660989136e0dff0744b006ddea9291bf608686cbb9ceec92d1f03
rpre/alpaca.rpre.jsonl	96	373757	71832	a3511dd0cc4053fb09a8d8345a768caa7b3f9d13c7a559d00c8a575caa9caec6
rpre/arena8k.rpre.jsonl	96	369832	67103	9632c027f4bad9503aea7b663e1c9c7dc367b4c14028ee56d5b5c8a5a16c1398
rpre/gsm8k.rpre.jsonl	96	362364	60984	55ecba7d923bc5f5c6a71e4c16985557e581493cedcef82874c00146a38bdaf0
rpre/mbpp.rpre.jsonl	96	365582	62324	f845585f96f3533d6f917b50ec5f990ad9ba2c72a0062b0448e01dc67c91d242
rpre/rerun_arena.log		945	571	5104277ddb02f6d1b2fdc49dcf39ec2f661950d33d484114f4aada2ac7bdf5b0
rpre/rerun_arena.sh		703	703	3d15edd8d56fe1621746d2fd32b58b7ceb0f310845e09909448b543ccbb086cb
rpre/run.log		2255	839	dc50b91c87521a2ea4078264c9b8790e6a561d871884378ebcf0392dd22a334e
rpre/run2.log		1721	386	b12dbb414a95aa1ed637613c74ed6412ca508111fa4755ed70fbea91642ed13e
rpre/run_rpre.sh		906	906	d3da2b029f55c8d35c5b0f5570c30904630f4504ec1cf2ae12ad69f0b99bce3c
rpre/derivations/diag_dflash_wiring.py		3015	3015	9fd7c69edb8f0e0b84a6940fc10c81b195084e7a89fce4da41768a3121e5536d
rpre/derivations/diag_memory.py		2411	2411	ed46ce9f05bfc8e8763ef1430783eb01c41b27108eb25d115682f36f90572d13
rpre/derivations/gate_barycentre.py		2161	2161	716d7b56646000b2adcedbe9087074d72141dc67b9e07a96b34732f7e1438558
